,demand_region2,demand_region4,demand_region5,wind_region2,wind_region5,wind_region6
2020-01-01 00:00:00,-39.09,-70.38,-34.24,0.6756,0.1929,0.183
2020-01-01 01:00:00,-38.14,-68.89,-32.5,0.6449,0.2263,0.1962
2020-01-01 02:00:00,-38.18,-66.13,-30.76,0.6245,0.2476,0.1877
2020-01-01 03:00:00,-39.03,-65.14,-29.82,0.5977,0.2638,0.185
2020-01-01 04:00:00,-40.97,-67.01,-28.83,0.5836,0.2607,0.1748
2020-01-01 05:00:00,-45.96,-71.28,-29.6,0.5726,0.255,0.1621
2020-01-01 06:00:00,-51.15,-75.74,-34.14,0.5577,0.2509,0.1592
2020-01-01 07:00:00,-53.9,-77.75,-39.58,0.5469,0.2385,0.1533
2020-01-01 08:00:00,-55.27,-78.9,-42.72,0.5493,0.2304,0.1582
2020-01-01 09:00:00,-56.56,-79.12,-44.79,0.5515,0.2214,0.2273
2020-01-01 10:00:00,-57.56,-79.2,-45.62,0.5371,0.2118,0.2424
2020-01-01 11:00:00,-57.07,-79.26,-46.05,0.5339,0.2035,0.1994
2020-01-01 12:00:00,-55.89,-77.54,-46.3,0.5357,0.1982,0.1603
2020-01-01 13:00:00,-54.67,-75.46,-45.96,0.5231,0.1939,0.1391
2020-01-01 14:00:00,-54.06,-73.47,-45.71,0.4896,0.1741,0.135
2020-01-01 15:00:00,-54.52,-72.91,-45.95,0.4595,0.1601,0.1297
2020-01-01 16:00:00,-56.96,-75.26,-48.61,0.4687,0.1778,0.0711
2020-01-01 17:00:00,-57.75,-79.53,-51.0,0.4788,0.2134,0.0487
2020-01-01 18:00:00,-56.32,-80.44,-50.85,0.478,0.2377,0.055
2020-01-01 19:00:00,-52.71,-77.14,-48.96,0.4675,0.2384,0.0594
2020-01-01 20:00:00,-49.77,-73.8,-46.16,0.4574,0.2459,0.064
2020-01-01 21:00:00,-47.95,-74.19,-42.63,0.4363,0.255,0.0669
2020-01-01 22:00:00,-44.19,-75.29,-38.77,0.4099,0.265,0.0608
2020-01-01 23:00:00,-41.07,-72.61,-35.24,0.3928,0.2805,0.0572
2020-01-02 00:00:00,-51.6,-75.44,-36.78,0.3727,0.2935,0.0532
2020-01-02 01:00:00,-50.65,-73.95,-35.04,0.3703,0.3003,0.0496
2020-01-02 02:00:00,-50.69,-71.19,-33.3,0.3649,0.3187,0.0457
2020-01-02 03:00:00,-51.53,-70.21,-32.37,0.38,0.3282,0.0469
2020-01-02 04:00:00,-53.48,-72.08,-31.37,0.4144,0.3511,0.054
2020-01-02 05:00:00,-58.47,-76.34,-32.15,0.4303,0.3926,0.0589
2020-01-02 06:00:00,-63.66,-80.8,-36.68,0.4302,0.4307,0.0607
2020-01-02 07:00:00,-66.4,-82.81,-42.12,0.4297,0.4405,0.0602
2020-01-02 08:00:00,-67.78,-83.96,-45.26,0.4381,0.4618,0.069
2020-01-02 09:00:00,-69.07,-84.19,-47.34,0.4986,0.4676,0.0912
2020-01-02 10:00:00,-70.06,-84.26,-48.17,0.5636,0.4703,0.1012
2020-01-02 11:00:00,-69.58,-84.33,-48.59,0.5837,0.4704,0.1172
2020-01-02 12:00:00,-68.4,-82.6,-48.85,0.5838,0.4713,0.1261
2020-01-02 13:00:00,-67.18,-80.52,-48.51,0.5656,0.4587,0.1353
2020-01-02 14:00:00,-66.57,-78.53,-48.25,0.4852,0.3998,0.1361
2020-01-02 15:00:00,-67.02,-77.97,-48.49,0.3863,0.3438,0.1283
2020-01-02 16:00:00,-69.46,-80.32,-51.16,0.4017,0.3275,0.0462
2020-01-02 17:00:00,-70.26,-84.59,-53.54,0.3984,0.3282,0.0298
2020-01-02 18:00:00,-68.83,-85.5,-53.39,0.3609,0.3343,0.0412
2020-01-02 19:00:00,-65.22,-82.2,-51.5,0.308,0.3274,0.0499
2020-01-02 20:00:00,-62.28,-78.86,-48.71,0.2342,0.316,0.0543
2020-01-02 21:00:00,-60.46,-79.26,-45.18,0.1849,0.2985,0.0588
2020-01-02 22:00:00,-56.7,-80.35,-41.32,0.1622,0.2811,0.0656
2020-01-02 23:00:00,-53.58,-77.67,-37.79,0.1437,0.2638,0.0741
2020-01-03 00:00:00,-55.11,-79.81,-37.9,0.1382,0.2533,0.0853
2020-01-03 01:00:00,-54.16,-78.32,-36.16,0.1314,0.2437,0.0949
2020-01-03 02:00:00,-54.2,-75.57,-34.41,0.1254,0.2381,0.1061
2020-01-03 03:00:00,-55.04,-74.58,-33.48,0.1176,0.2433,0.1144
2020-01-03 04:00:00,-56.99,-76.45,-32.49,0.1099,0.2481,0.1141
2020-01-03 05:00:00,-61.98,-80.72,-33.26,0.1033,0.2495,0.1135
2020-01-03 06:00:00,-67.17,-85.18,-37.79,0.1022,0.2519,0.116
2020-01-03 07:00:00,-69.91,-87.18,-43.23,0.1049,0.2551,0.1141
2020-01-03 08:00:00,-71.29,-88.33,-46.37,0.1173,0.268,0.1231
2020-01-03 09:00:00,-72.58,-88.56,-48.45,0.133,0.2836,0.1872
2020-01-03 10:00:00,-73.57,-88.64,-49.28,0.1636,0.3091,0.2858
2020-01-03 11:00:00,-73.09,-88.7,-49.7,0.1752,0.3384,0.3756
2020-01-03 12:00:00,-71.91,-86.97,-49.96,0.1857,0.3632,0.4353
2020-01-03 13:00:00,-70.69,-84.9,-49.62,0.1974,0.357,0.4803
2020-01-03 14:00:00,-70.08,-82.91,-49.36,0.1914,0.3383,0.5099
2020-01-03 15:00:00,-70.53,-82.35,-49.61,0.1626,0.2899,0.5163
2020-01-03 16:00:00,-72.97,-84.7,-52.27,0.1809,0.2966,0.3865
2020-01-03 17:00:00,-73.77,-88.97,-54.65,0.2073,0.2995,0.1962
2020-01-03 18:00:00,-72.34,-89.88,-54.5,0.2242,0.2943,0.2208
2020-01-03 19:00:00,-68.73,-86.57,-52.61,0.2421,0.3268,0.2373
2020-01-03 20:00:00,-65.79,-83.24,-49.82,0.2632,0.3337,0.2416
2020-01-03 21:00:00,-63.97,-83.63,-46.29,0.2889,0.3262,0.2342
2020-01-03 22:00:00,-60.21,-84.73,-42.43,0.3266,0.3021,0.2147
2020-01-03 23:00:00,-57.09,-82.04,-38.9,0.3648,0.2558,0.196
2020-01-04 00:00:00,-54.87,-82.37,-37.42,0.3969,0.2193,0.1996
2020-01-04 01:00:00,-53.92,-80.88,-35.68,0.4326,0.2052,0.1973
2020-01-04 02:00:00,-53.96,-78.13,-33.94,0.4686,0.2044,0.1985
2020-01-04 03:00:00,-54.81,-77.14,-33.0,0.5118,0.1846,0.204
2020-01-04 04:00:00,-56.75,-79.01,-32.01,0.5504,0.187,0.2345
2020-01-04 05:00:00,-61.74,-83.28,-32.78,0.5556,0.1769,0.2635
2020-01-04 06:00:00,-66.93,-87.74,-37.32,0.5426,0.157,0.2874
2020-01-04 07:00:00,-69.68,-89.74,-42.76,0.5504,0.1332,0.2995
2020-01-04 08:00:00,-71.05,-90.89,-45.9,0.5659,0.117,0.3243
2020-01-04 09:00:00,-72.34,-91.12,-47.97,0.5568,0.1136,0.4846
2020-01-04 10:00:00,-73.33,-91.2,-48.8,0.5439,0.1114,0.576
2020-01-04 11:00:00,-72.85,-91.26,-49.22,0.5357,0.1148,0.5552
2020-01-04 12:00:00,-71.67,-89.53,-49.48,0.5262,0.1206,0.5344
2020-01-04 13:00:00,-70.45,-87.45,-49.14,0.4824,0.1063,0.5294
2020-01-04 14:00:00,-69.84,-85.47,-48.88,0.3913,0.0914,0.5327
2020-01-04 15:00:00,-70.29,-84.91,-49.13,0.2907,0.0825,0.5305
2020-01-04 16:00:00,-72.74,-87.26,-51.79,0.2858,0.0958,0.4564
2020-01-04 17:00:00,-73.53,-91.53,-54.18,0.2519,0.1019,0.3182
2020-01-04 18:00:00,-72.1,-92.44,-54.03,0.2067,0.1014,0.3181
2020-01-04 19:00:00,-68.49,-89.13,-52.14,0.1558,0.1098,0.3212
2020-01-04 20:00:00,-65.55,-85.8,-49.34,0.1072,0.1245,0.3164
2020-01-04 21:00:00,-63.73,-86.19,-45.81,0.066,0.1434,0.3023
2020-01-04 22:00:00,-59.97,-87.28,-41.95,0.0427,0.1375,0.3304
2020-01-04 23:00:00,-56.85,-84.6,-38.42,0.0274,0.1338,0.3423
2020-01-05 00:00:00,-54.43,-79.74,-36.62,0.0204,0.1377,0.351
2020-01-05 01:00:00,-53.48,-78.25,-34.88,0.0164,0.1407,0.3619
2020-01-05 02:00:00,-53.52,-75.5,-33.14,0.0191,0.158,0.3742
2020-01-05 03:00:00,-54.36,-74.51,-32.21,0.0316,0.17,0.3749
2020-01-05 04:00:00,-56.31,-76.38,-31.21,0.0473,0.1932,0.3393
2020-01-05 05:00:00,-61.3,-80.65,-31.98,0.0683,0.2153,0.2955
2020-01-05 06:00:00,-66.49,-85.11,-36.52,0.092,0.2314,0.2402
2020-01-05 07:00:00,-69.24,-87.11,-41.96,0.1238,0.2368,0.2015
2020-01-05 08:00:00,-70.61,-88.26,-45.1,0.1651,0.2645,0.1903
2020-01-05 09:00:00,-71.9,-88.49,-47.18,0.2311,0.2738,0.2532
2020-01-05 10:00:00,-72.89,-88.57,-48.01,0.2957,0.2968,0.2872
2020-01-05 11:00:00,-72.41,-88.63,-48.43,0.3454,0.3037,0.2739
2020-01-05 12:00:00,-71.23,-86.9,-48.68,0.368,0.3063,0.236
2020-01-05 13:00:00,-70.01,-84.83,-48.35,0.3609,0.2883,0.2044
2020-01-05 14:00:00,-69.4,-82.84,-48.09,0.301,0.2427,0.1767
2020-01-05 15:00:00,-69.85,-82.28,-48.33,0.2319,0.2157,0.1495
2020-01-05 16:00:00,-72.29,-84.63,-50.99,0.2547,0.2104,0.0938
2020-01-05 17:00:00,-73.09,-88.9,-53.38,0.2847,0.2238,0.0406
2020-01-05 18:00:00,-71.66,-89.81,-53.23,0.3094,0.2378,0.0514
2020-01-05 19:00:00,-68.05,-86.51,-51.34,0.3281,0.2379,0.0644
2020-01-05 20:00:00,-65.11,-83.17,-48.55,0.3313,0.2404,0.0799
2020-01-05 21:00:00,-63.29,-83.56,-45.02,0.344,0.2306,0.0879
2020-01-05 22:00:00,-59.53,-84.66,-41.16,0.3523,0.2201,0.07
2020-01-05 23:00:00,-56.41,-81.97,-37.63,0.3557,0.2089,0.0583
2020-01-06 00:00:00,-52.85,-78.24,-37.07,0.3613,0.2133,0.0453
2020-01-06 01:00:00,-51.9,-76.75,-35.32,0.3623,0.199,0.0382
2020-01-06 02:00:00,-51.94,-73.99,-33.58,0.3436,0.1927,0.031
2020-01-06 03:00:00,-52.78,-73.01,-32.65,0.3305,0.1955,0.0317
2020-01-06 04:00:00,-54.73,-74.88,-31.65,0.3146,0.198,0.0358
2020-01-06 05:00:00,-59.72,-79.14,-32.43,0.2868,0.2051,0.0428
2020-01-06 06:00:00,-64.91,-83.6,-36.96,0.2695,0.2144,0.0433
2020-01-06 07:00:00,-67.65,-85.61,-42.4,0.259,0.2358,0.0426
2020-01-06 08:00:00,-69.03,-86.76,-45.54,0.255,0.2483,0.0418
2020-01-06 09:00:00,-70.32,-86.99,-47.62,0.2558,0.2601,0.0436
2020-01-06 10:00:00,-71.31,-87.06,-48.45,0.237,0.2761,0.0411
2020-01-06 11:00:00,-70.83,-87.13,-48.87,0.2162,0.3267,0.041
2020-01-06 12:00:00,-69.65,-85.4,-49.13,0.1958,0.3217,0.0395
2020-01-06 13:00:00,-68.43,-83.32,-48.79,0.1735,0.3368,0.0379
2020-01-06 14:00:00,-67.82,-81.33,-48.53,0.1339,0.3108,0.0361
2020-01-06 15:00:00,-68.27,-80.77,-48.77,0.1027,0.2851,0.032
2020-01-06 16:00:00,-70.71,-83.12,-51.44,0.0962,0.2878,0.0256
2020-01-06 17:00:00,-71.51,-87.39,-53.82,0.0899,0.3249,0.0201
2020-01-06 18:00:00,-70.08,-88.3,-53.67,0.0809,0.3572,0.0251
2020-01-06 19:00:00,-66.47,-85.0,-51.78,0.0675,0.3968,0.0269
2020-01-06 20:00:00,-63.53,-81.66,-48.99,0.0574,0.436,0.0247
2020-01-06 21:00:00,-61.71,-82.06,-45.46,0.0505,0.4791,0.0187
2020-01-06 22:00:00,-57.95,-83.15,-41.6,0.0447,0.5157,0.0155
2020-01-06 23:00:00,-54.83,-80.47,-38.07,0.0458,0.5333,0.0178
2020-01-07 00:00:00,-44.37,-69.95,-34.6,0.0479,0.5495,0.0202
2020-01-07 01:00:00,-43.42,-68.46,-32.86,0.0484,0.5717,0.0218
2020-01-07 02:00:00,-43.46,-65.7,-31.12,0.0486,0.6108,0.0223
2020-01-07 03:00:00,-44.31,-64.72,-30.19,0.0458,0.584,0.0241
2020-01-07 04:00:00,-46.25,-66.59,-29.19,0.0411,0.5967,0.0297
2020-01-07 05:00:00,-51.24,-70.86,-29.97,0.0431,0.6105,0.0357
2020-01-07 06:00:00,-56.43,-75.32,-34.5,0.0493,0.5989,0.0379
2020-01-07 07:00:00,-59.18,-77.32,-39.94,0.0623,0.5782,0.035
2020-01-07 08:00:00,-60.55,-78.47,-43.08,0.0813,0.598,0.0347
2020-01-07 09:00:00,-61.84,-78.7,-45.16,0.1079,0.6375,0.0456
2020-01-07 10:00:00,-62.84,-78.78,-45.99,0.1042,0.6753,0.0482
2020-01-07 11:00:00,-62.35,-78.84,-46.41,0.0863,0.6425,0.0584
2020-01-07 12:00:00,-61.17,-77.11,-46.67,0.0924,0.644,0.0684
2020-01-07 13:00:00,-59.95,-75.03,-46.33,0.1093,0.6228,0.0782
2020-01-07 14:00:00,-59.34,-73.05,-46.07,0.1104,0.6734,0.0898
2020-01-07 15:00:00,-59.8,-72.49,-46.31,0.1356,0.7695,0.0965
2020-01-07 16:00:00,-62.24,-74.83,-48.98,0.1966,0.8232,0.0497
2020-01-07 17:00:00,-63.03,-79.1,-51.36,0.2517,0.8324,0.036
2020-01-07 18:00:00,-61.6,-80.02,-51.21,0.2832,0.8444,0.0668
2020-01-07 19:00:00,-57.99,-76.71,-49.32,0.2932,0.8518,0.0968
2020-01-07 20:00:00,-55.05,-73.38,-46.53,0.2939,0.8802,0.121
2020-01-07 21:00:00,-53.23,-73.77,-43.0,0.2919,0.9059,0.1384
2020-01-07 22:00:00,-49.47,-74.86,-39.14,0.2919,0.9231,0.1426
2020-01-07 23:00:00,-46.35,-72.18,-35.61,0.3071,0.9396,0.1626
2020-01-08 00:00:00,-48.63,-67.06,-34.72,0.3571,0.1943,0.757
2020-01-08 01:00:00,-48.22,-65.15,-33.67,0.38,0.2105,0.7317
2020-01-08 02:00:00,-48.77,-63.23,-32.4,0.4157,0.2305,0.7375
2020-01-08 03:00:00,-50.25,-63.32,-31.64,0.4517,0.2324,0.7153
2020-01-08 04:00:00,-53.59,-65.81,-31.43,0.4704,0.2284,0.6904
2020-01-08 05:00:00,-58.43,-69.78,-33.83,0.47,0.2059,0.6551
2020-01-08 06:00:00,-62.64,-73.24,-38.83,0.4629,0.2077,0.632
2020-01-08 07:00:00,-64.94,-75.01,-43.11,0.462,0.2021,0.6191
2020-01-08 08:00:00,-66.38,-75.75,-45.37,0.4843,0.2116,0.6344
2020-01-08 09:00:00,-67.74,-75.9,-46.63,0.4847,0.2288,0.6977
2020-01-08 10:00:00,-68.14,-76.12,-47.24,0.4527,0.2738,0.7249
2020-01-08 11:00:00,-67.34,-75.55,-47.52,0.4119,0.3257,0.7575
2020-01-08 12:00:00,-66.03,-73.88,-47.33,0.3737,0.3508,0.7901
2020-01-08 13:00:00,-64.83,-71.87,-46.78,0.3542,0.3821,0.799
2020-01-08 14:00:00,-63.96,-70.06,-46.41,0.3435,0.4212,0.8224
2020-01-08 15:00:00,-63.94,-69.35,-46.91,0.3264,0.4481,0.8234
2020-01-08 16:00:00,-65.15,-70.89,-48.57,0.2864,0.4039,0.8261
2020-01-08 17:00:00,-65.79,-73.77,-49.73,0.2665,0.3311,0.7376
2020-01-08 18:00:00,-64.84,-74.66,-49.76,0.2604,0.3204,0.4806
2020-01-08 19:00:00,-62.03,-72.82,-48.61,0.2368,0.3348,0.473
2020-01-08 20:00:00,-59.2,-71.45,-46.35,0.2148,0.2927,0.4929
2020-01-08 21:00:00,-56.37,-72.25,-42.92,0.215,0.2772,0.4911
2020-01-08 22:00:00,-52.78,-71.6,-39.0,0.2161,0.2731,0.5023
2020-01-08 23:00:00,-50.14,-68.88,-35.5,0.2245,0.2486,0.5089
2020-01-09 00:00:00,-40.78,-59.25,-30.4,0.2231,0.2758,0.5056
2020-01-09 01:00:00,-40.38,-57.33,-29.37,0.2144,0.2969,0.5026
2020-01-09 02:00:00,-40.94,-55.43,-28.11,0.2182,0.2986,0.5178
2020-01-09 03:00:00,-42.45,-55.55,-27.36,0.2337,0.3226,0.5057
2020-01-09 04:00:00,-45.82,-58.06,-27.18,0.2202,0.3237,0.4748
2020-01-09 05:00:00,-50.65,-62.02,-29.61,0.2092,0.3388,0.4304
2020-01-09 06:00:00,-54.84,-65.46,-34.63,0.2082,0.3501,0.3935
2020-01-09 07:00:00,-57.13,-67.22,-38.88,0.2665,0.3368,0.3908
2020-01-09 08:00:00,-58.57,-67.95,-41.11,0.4318,0.4126,0.4546
2020-01-09 09:00:00,-59.93,-68.09,-42.35,0.5167,0.47,0.5492
2020-01-09 10:00:00,-60.31,-68.32,-42.96,0.5555,0.5435,0.5752
2020-01-09 11:00:00,-59.5,-67.73,-43.24,0.5802,0.6684,0.5807
2020-01-09 12:00:00,-58.19,-66.06,-43.03,0.5943,0.7811,0.5923
2020-01-09 13:00:00,-56.99,-64.06,-42.47,0.6084,0.8605,0.5941
2020-01-09 14:00:00,-56.11,-62.25,-42.1,0.5772,0.8845,0.5961
2020-01-09 15:00:00,-56.08,-61.53,-42.61,0.4637,0.8877,0.5922
2020-01-09 16:00:00,-57.25,-63.05,-44.24,0.1318,0.8776,0.5767
2020-01-09 17:00:00,-57.89,-65.9,-45.37,0.0686,0.8875,0.3713
2020-01-09 18:00:00,-56.96,-66.79,-45.4,0.0895,0.9121,0.1786
2020-01-09 19:00:00,-54.17,-64.98,-44.27,0.1215,0.9194,0.1615
2020-01-09 20:00:00,-51.35,-63.67,-42.02,0.1566,0.9321,0.1485
2020-01-09 21:00:00,-48.49,-64.48,-38.6,0.2158,0.969,0.1426
2020-01-09 22:00:00,-44.9,-63.78,-34.68,0.2716,0.9878,0.1408
2020-01-09 23:00:00,-42.28,-61.06,-31.18,0.3382,0.9994,0.1538
2020-01-10 00:00:00,-36.62,-51.92,-31.01,0.4022,0.9984,0.1475
2020-01-10 01:00:00,-36.23,-49.99,-29.99,0.4478,0.9982,0.1385
2020-01-10 02:00:00,-36.81,-48.11,-28.75,0.496,0.9926,0.1316
2020-01-10 03:00:00,-38.33,-48.26,-28.0,0.5349,0.9737,0.1247
2020-01-10 04:00:00,-41.74,-50.79,-27.84,0.5795,0.99,0.1108
2020-01-10 05:00:00,-46.57,-54.74,-30.32,0.6314,0.988,0.1002
2020-01-10 06:00:00,-50.73,-58.15,-35.35,0.706,0.9792,0.0894
2020-01-10 07:00:00,-53.01,-59.9,-39.57,0.8083,0.9528,0.0875
2020-01-10 08:00:00,-54.45,-60.62,-41.78,0.8465,0.9649,0.1079
2020-01-10 09:00:00,-55.81,-60.77,-43.0,0.8823,0.991,0.1088
2020-01-10 10:00:00,-56.18,-60.99,-43.59,0.9162,0.9864,0.0959
2020-01-10 11:00:00,-55.36,-60.39,-43.87,0.9395,0.9727,0.0892
2020-01-10 12:00:00,-54.04,-58.72,-43.65,0.9363,0.9684,0.0961
2020-01-10 13:00:00,-52.84,-56.72,-43.09,0.9082,0.9869,0.1293
2020-01-10 14:00:00,-51.96,-54.92,-42.71,0.8512,0.9991,0.1658
2020-01-10 15:00:00,-51.92,-54.19,-43.22,0.7164,0.9955,0.182
2020-01-10 16:00:00,-53.05,-55.69,-44.82,0.5072,0.9955,0.1863
2020-01-10 17:00:00,-53.69,-58.5,-45.92,0.3362,0.9968,0.1329
2020-01-10 18:00:00,-52.76,-59.39,-45.96,0.3446,0.995,0.0743
2020-01-10 19:00:00,-50.0,-57.63,-44.85,0.3379,0.9946,0.0892
2020-01-10 20:00:00,-47.18,-56.37,-42.62,0.3747,0.9958,0.0978
2020-01-10 21:00:00,-44.29,-57.19,-39.2,0.4027,0.9956,0.123
2020-01-10 22:00:00,-40.71,-56.44,-35.28,0.4316,0.9974,0.1509
2020-01-10 23:00:00,-38.1,-53.72,-31.78,0.4741,0.9974,0.1693
2020-01-11 00:00:00,-48.23,-61.47,-32.63,0.5071,0.9961,0.1856
2020-01-11 01:00:00,-47.86,-59.52,-31.63,0.5538,0.9968,0.2078
2020-01-11 02:00:00,-48.45,-57.67,-30.4,0.5805,0.9982,0.2291
2020-01-11 03:00:00,-50.0,-57.85,-29.65,0.6025,0.9991,0.2367
2020-01-11 04:00:00,-53.44,-60.39,-29.52,0.6577,0.9996,0.2071
2020-01-11 05:00:00,-58.27,-64.33,-32.04,0.6975,0.9996,0.1799
2020-01-11 06:00:00,-62.41,-67.72,-37.08,0.7188,0.9995,0.1447
2020-01-11 07:00:00,-64.67,-69.46,-41.27,0.8447,0.9992,0.1453
2020-01-11 08:00:00,-66.11,-70.17,-43.46,0.9355,0.9983,0.2067
2020-01-11 09:00:00,-67.47,-70.32,-44.65,0.9712,0.9979,0.2538
2020-01-11 10:00:00,-67.83,-70.55,-45.24,0.9782,0.9966,0.2273
2020-01-11 11:00:00,-67.0,-69.93,-45.51,0.9769,0.9961,0.1868
2020-01-11 12:00:00,-65.68,-68.26,-45.28,0.9737,0.9937,0.1711
2020-01-11 13:00:00,-64.48,-66.26,-44.71,0.9681,0.9923,0.1752
2020-01-11 14:00:00,-63.59,-64.46,-44.34,0.9581,0.9904,0.1847
2020-01-11 15:00:00,-63.53,-63.73,-44.86,0.9145,0.985,0.1918
2020-01-11 16:00:00,-64.63,-65.21,-46.43,0.8092,0.964,0.1757
2020-01-11 17:00:00,-65.26,-67.98,-47.49,0.7439,0.9283,0.1251
2020-01-11 18:00:00,-64.35,-68.86,-47.53,0.7752,0.8723,0.0906
2020-01-11 19:00:00,-61.61,-67.14,-46.45,0.8311,0.7874,0.0967
2020-01-11 20:00:00,-58.79,-65.94,-44.23,0.8808,0.7052,0.0958
2020-01-11 21:00:00,-55.88,-66.77,-40.81,0.8656,0.6349,0.0898
2020-01-11 22:00:00,-52.31,-65.97,-36.89,0.8518,0.5512,0.086
2020-01-11 23:00:00,-49.71,-63.25,-33.39,0.8223,0.4797,0.0849
2020-01-12 00:00:00,-49.9,-61.28,-32.63,0.7957,0.4575,0.0851
2020-01-12 01:00:00,-49.54,-59.32,-31.65,0.7826,0.4368,0.0882
2020-01-12 02:00:00,-50.15,-57.49,-30.43,0.7251,0.4045,0.0884
2020-01-12 03:00:00,-51.71,-57.7,-29.69,0.6835,0.4137,0.0904
2020-01-12 04:00:00,-55.19,-60.26,-29.58,0.6544,0.4293,0.0902
2020-01-12 05:00:00,-60.02,-64.2,-32.15,0.6097,0.4138,0.0913
2020-01-12 06:00:00,-64.13,-67.55,-37.2,0.598,0.3881,0.0928
2020-01-12 07:00:00,-66.37,-69.29,-41.36,0.6521,0.355,0.0889
2020-01-12 08:00:00,-67.82,-69.99,-43.52,0.6748,0.3789,0.1293
2020-01-12 09:00:00,-69.18,-70.13,-44.69,0.7372,0.4027,0.1163
2020-01-12 10:00:00,-69.52,-70.37,-45.28,0.738,0.4343,0.1384
2020-01-12 11:00:00,-68.69,-69.73,-45.54,0.7191,0.4565,0.1399
2020-01-12 12:00:00,-67.36,-68.06,-45.3,0.675,0.4466,0.1383
2020-01-12 13:00:00,-66.16,-66.06,-44.73,0.5953,0.4469,0.1449
2020-01-12 14:00:00,-65.26,-64.27,-44.35,0.4598,0.4544,0.1617
2020-01-12 15:00:00,-65.19,-63.54,-44.87,0.3016,0.4358,0.1819
2020-01-12 16:00:00,-66.26,-64.99,-46.42,0.239,0.367,0.1813
2020-01-12 17:00:00,-66.89,-67.72,-47.45,0.2326,0.1798,0.1065
2020-01-12 18:00:00,-65.99,-68.61,-47.49,0.2556,0.1211,0.085
2020-01-12 19:00:00,-63.27,-66.93,-46.43,0.28,0.1072,0.0919
2020-01-12 20:00:00,-60.46,-65.78,-44.22,0.3042,0.0869,0.0928
2020-01-12 21:00:00,-57.51,-66.62,-40.81,0.3102,0.0708,0.0937
2020-01-12 22:00:00,-53.95,-65.78,-36.88,0.3238,0.0577,0.1004
2020-01-12 23:00:00,-51.36,-63.05,-33.39,0.3494,0.0482,0.1194
2020-01-13 00:00:00,-50.37,-60.43,-33.23,0.3684,0.0439,0.1263
2020-01-13 01:00:00,-50.03,-58.46,-32.27,0.3938,0.0455,0.1321
2020-01-13 02:00:00,-50.65,-56.65,-31.07,0.4278,0.0539,0.1384
2020-01-13 03:00:00,-52.22,-56.89,-30.33,0.4404,0.0652,0.1433
2020-01-13 04:00:00,-55.75,-59.47,-30.24,0.4353,0.0788,0.1394
2020-01-13 05:00:00,-60.57,-63.4,-32.85,0.4279,0.1057,0.1333
2020-01-13 06:00:00,-64.65,-66.72,-37.92,0.3941,0.1665,0.1277
2020-01-13 07:00:00,-66.88,-68.46,-42.04,0.4553,0.229,0.1252
2020-01-13 08:00:00,-68.34,-69.14,-44.18,0.5381,0.3229,0.1522
2020-01-13 09:00:00,-69.7,-69.28,-45.33,0.5883,0.3941,0.1331
2020-01-13 10:00:00,-70.02,-69.52,-45.91,0.6416,0.435,0.1399
2020-01-13 11:00:00,-69.17,-68.87,-46.17,0.6839,0.486,0.1518
2020-01-13 12:00:00,-67.84,-67.2,-45.91,0.7316,0.5206,0.175
2020-01-13 13:00:00,-66.65,-65.2,-45.34,0.7708,0.54,0.2009
2020-01-13 14:00:00,-65.74,-63.41,-44.95,0.7847,0.5572,0.2194
2020-01-13 15:00:00,-65.66,-62.68,-45.49,0.7492,0.5813,0.2299
2020-01-13 16:00:00,-66.69,-64.11,-47.0,0.4251,0.5971,0.2179
2020-01-13 17:00:00,-67.32,-66.8,-48.0,0.2096,0.5984,0.1358
2020-01-13 18:00:00,-66.43,-67.69,-48.05,0.2667,0.6481,0.0703
2020-01-13 19:00:00,-63.74,-66.05,-47.0,0.2932,0.7183,0.0922
2020-01-13 20:00:00,-60.92,-64.95,-44.81,0.27,0.7685,0.1102
2020-01-13 21:00:00,-57.95,-65.81,-41.4,0.2412,0.8156,0.113
2020-01-13 22:00:00,-54.39,-64.91,-37.48,0.1937,0.834,0.1172
2020-01-13 23:00:00,-51.82,-62.19,-33.98,0.1607,0.8452,0.1194
2020-01-14 00:00:00,-49.9,-59.2,-32.17,0.1456,0.8491,0.1221
2020-01-14 01:00:00,-49.58,-57.22,-31.23,0.1564,0.8466,0.1257
2020-01-14 02:00:00,-50.21,-55.44,-30.04,0.1821,0.8375,0.1115
2020-01-14 03:00:00,-51.8,-55.71,-29.3,0.1971,0.8473,0.1088
2020-01-14 04:00:00,-55.37,-58.3,-29.23,0.2025,0.8538,0.1084
2020-01-14 05:00:00,-60.18,-62.22,-31.9,0.2149,0.8421,0.1062
2020-01-14 06:00:00,-64.24,-65.52,-36.97,0.2598,0.8435,0.1094
2020-01-14 07:00:00,-66.46,-67.25,-41.06,0.3442,0.8468,0.1243
2020-01-14 08:00:00,-67.91,-67.92,-43.18,0.4047,0.8638,0.1823
2020-01-14 09:00:00,-69.28,-68.06,-44.31,0.4944,0.8893,0.2041
2020-01-14 10:00:00,-69.58,-68.3,-44.88,0.5968,0.898,0.2093
2020-01-14 11:00:00,-68.73,-67.63,-45.14,0.6482,0.9057,0.1942
2020-01-14 12:00:00,-67.39,-65.96,-44.86,0.6847,0.9027,0.1787
2020-01-14 13:00:00,-66.2,-63.97,-44.28,0.6828,0.8953,0.1697
2020-01-14 14:00:00,-65.28,-62.19,-43.9,0.6945,0.8782,0.1628
2020-01-14 15:00:00,-65.19,-61.45,-44.44,0.6898,0.8517,0.1596
2020-01-14 16:00:00,-66.19,-62.86,-45.92,0.7108,0.8088,0.1544
2020-01-14 17:00:00,-66.81,-65.51,-46.89,0.7374,0.7487,0.137
2020-01-14 18:00:00,-65.94,-66.39,-46.94,0.7704,0.6669,0.1024
2020-01-14 19:00:00,-63.26,-64.79,-45.92,0.7899,0.5968,0.1114
2020-01-14 20:00:00,-60.45,-63.75,-43.74,0.7879,0.4681,0.1216
2020-01-14 21:00:00,-57.45,-64.62,-40.33,0.7762,0.3872,0.1261
2020-01-14 22:00:00,-53.89,-63.68,-36.41,0.7767,0.3168,0.1216
2020-01-14 23:00:00,-51.34,-60.95,-32.91,0.7517,0.2556,0.1172
2020-01-15 00:00:00,-45.61,-45.47,-27.03,0.2394,0.0988,0.1259
2020-01-15 01:00:00,-45.55,-43.21,-25.77,0.2148,0.0996,0.1084
2020-01-15 02:00:00,-46.32,-42.19,-24.86,0.2033,0.1017,0.0949
2020-01-15 03:00:00,-48.27,-43.07,-24.33,0.193,0.1098,0.0879
2020-01-15 04:00:00,-53.44,-45.49,-24.77,0.2225,0.1206,0.0817
2020-01-15 05:00:00,-58.5,-49.08,-28.82,0.261,0.1571,0.0728
2020-01-15 06:00:00,-61.93,-52.12,-34.22,0.2955,0.2372,0.0961
2020-01-15 07:00:00,-63.76,-54.18,-37.86,0.3501,0.2755,0.0838
2020-01-15 08:00:00,-65.43,-55.16,-39.62,0.3872,0.3142,0.0756
2020-01-15 09:00:00,-66.89,-55.78,-40.29,0.4192,0.3323,0.0568
2020-01-15 10:00:00,-66.63,-56.47,-40.78,0.4159,0.3376,0.051
2020-01-15 11:00:00,-65.58,-55.49,-40.96,0.4105,0.3326,0.0565
2020-01-15 12:00:00,-64.23,-54.35,-40.4,0.4015,0.32,0.0673
2020-01-15 13:00:00,-63.17,-52.77,-39.72,0.3914,0.3077,0.0779
2020-01-15 14:00:00,-62.09,-51.33,-39.36,0.3795,0.2986,0.089
2020-01-15 15:00:00,-61.76,-50.58,-40.16,0.3513,0.3005,0.0988
2020-01-15 16:00:00,-61.71,-51.31,-40.98,0.3147,0.3087,0.1053
2020-01-15 17:00:00,-61.48,-52.23,-40.9,0.2329,0.3095,0.1165
2020-01-15 18:00:00,-59.94,-51.54,-40.42,0.1197,0.2928,0.1245
2020-01-15 19:00:00,-57.79,-50.61,-39.39,0.0711,0.2219,0.092
2020-01-15 20:00:00,-55.58,-52.11,-37.87,0.0746,0.1428,0.0752
2020-01-15 21:00:00,-51.89,-53.18,-35.46,0.0709,0.1393,0.0895
2020-01-15 22:00:00,-48.68,-50.11,-31.71,0.0644,0.1534,0.078
2020-01-15 23:00:00,-46.65,-47.11,-28.07,0.047,0.1479,0.0552
2020-01-16 00:00:00,-45.41,-40.87,-28.46,0.0296,0.1301,0.034
2020-01-16 01:00:00,-45.35,-38.61,-27.18,0.0191,0.1108,0.0229
2020-01-16 02:00:00,-46.11,-37.6,-26.28,0.0136,0.096,0.0188
2020-01-16 03:00:00,-48.06,-38.48,-25.75,0.0116,0.09,0.0191
2020-01-16 04:00:00,-53.25,-40.88,-26.19,0.0109,0.0775,0.021
2020-01-16 05:00:00,-58.33,-44.47,-30.25,0.0274,0.0917,0.0194
2020-01-16 06:00:00,-61.76,-47.51,-35.66,0.0221,0.1043,0.0466
2020-01-16 07:00:00,-63.58,-49.59,-39.3,0.0508,0.1065,0.0608
2020-01-16 08:00:00,-65.25,-50.58,-41.07,0.0702,0.112,0.0763
2020-01-16 09:00:00,-66.72,-51.22,-41.74,0.0755,0.119,0.0936
2020-01-16 10:00:00,-66.45,-51.92,-42.23,0.0708,0.1231,0.1012
2020-01-16 11:00:00,-65.4,-50.94,-42.4,0.0666,0.123,0.1093
2020-01-16 12:00:00,-64.05,-49.81,-41.85,0.0627,0.1145,0.116
2020-01-16 13:00:00,-63.0,-48.25,-41.17,0.0617,0.1034,0.1185
2020-01-16 14:00:00,-61.91,-46.81,-40.81,0.0614,0.0936,0.1164
2020-01-16 15:00:00,-61.59,-46.07,-41.61,0.0627,0.0867,0.1146
2020-01-16 16:00:00,-61.53,-46.79,-42.43,0.0593,0.0914,0.111
2020-01-16 17:00:00,-61.27,-47.68,-42.33,0.0466,0.0962,0.1054
2020-01-16 18:00:00,-59.7,-46.94,-41.84,0.0297,0.0988,0.0827
2020-01-16 19:00:00,-57.55,-46.01,-40.79,0.0401,0.0899,0.055
2020-01-16 20:00:00,-55.36,-47.55,-39.29,0.0707,0.0818,0.0658
2020-01-16 21:00:00,-51.67,-48.62,-36.91,0.0854,0.0943,0.0851
2020-01-16 22:00:00,-48.47,-45.51,-33.16,0.0826,0.1054,0.0851
2020-01-16 23:00:00,-46.44,-42.51,-29.52,0.0659,0.1157,0.0794
2020-01-17 00:00:00,-44.54,-40.84,-28.23,0.0469,0.1246,0.07
2020-01-17 01:00:00,-44.48,-38.57,-26.93,0.0331,0.1281,0.0566
2020-01-17 02:00:00,-45.24,-37.57,-26.02,0.0265,0.1308,0.0494
2020-01-17 03:00:00,-47.18,-38.46,-25.5,0.0225,0.1298,0.0508
2020-01-17 04:00:00,-52.4,-40.85,-25.94,0.0224,0.1242,0.0335
2020-01-17 05:00:00,-57.49,-44.42,-30.01,0.0393,0.1369,0.0267
2020-01-17 06:00:00,-60.91,-47.48,-35.42,0.0293,0.1551,0.0549
2020-01-17 07:00:00,-62.73,-49.57,-39.07,0.0281,0.1559,0.0722
2020-01-17 08:00:00,-64.41,-50.58,-40.84,0.0442,0.157,0.0968
2020-01-17 09:00:00,-65.88,-51.23,-41.51,0.0565,0.1585,0.1217
2020-01-17 10:00:00,-65.61,-51.94,-42.0,0.0601,0.1655,0.1673
2020-01-17 11:00:00,-64.56,-50.96,-42.18,0.0578,0.1712,0.2214
2020-01-17 12:00:00,-63.21,-49.85,-41.62,0.0541,0.1799,0.2829
2020-01-17 13:00:00,-62.16,-48.29,-40.95,0.0524,0.1929,0.3356
2020-01-17 14:00:00,-61.07,-46.86,-40.59,0.0558,0.2046,0.3717
2020-01-17 15:00:00,-60.75,-46.12,-41.39,0.0643,0.2115,0.3876
2020-01-17 16:00:00,-60.68,-46.84,-42.21,0.0702,0.2143,0.3646
2020-01-17 17:00:00,-60.4,-47.7,-42.1,0.0646,0.2092,0.3295
2020-01-17 18:00:00,-58.8,-46.92,-41.59,0.0592,0.1955,0.232
2020-01-17 19:00:00,-56.65,-45.98,-40.53,0.0702,0.163,0.1214
2020-01-17 20:00:00,-54.47,-47.57,-39.04,0.0913,0.1401,0.0897
2020-01-17 21:00:00,-50.78,-48.64,-36.68,0.0891,0.1523,0.0998
2020-01-17 22:00:00,-47.59,-45.49,-32.95,0.0831,0.1565,0.1031
2020-01-17 23:00:00,-45.57,-42.48,-29.3,0.0651,0.1577,0.0949
2020-01-18 00:00:00,-43.16,-40.08,-27.48,0.0462,0.1615,0.0763
2020-01-18 01:00:00,-43.09,-37.81,-26.16,0.0322,0.1657,0.056
2020-01-18 02:00:00,-43.85,-36.82,-25.25,0.024,0.167,0.0428
2020-01-18 03:00:00,-45.79,-37.7,-24.73,0.0225,0.1726,0.0345
2020-01-18 04:00:00,-51.04,-40.08,-25.18,0.0224,0.1714,0.0315
2020-01-18 05:00:00,-56.13,-43.65,-29.26,0.0312,0.1862,0.0321
2020-01-18 06:00:00,-59.55,-46.71,-34.67,0.0305,0.2144,0.0584
2020-01-18 07:00:00,-61.37,-48.82,-38.33,0.0348,0.2304,0.089
2020-01-18 08:00:00,-63.05,-49.84,-40.1,0.0493,0.2452,0.1495
2020-01-18 09:00:00,-64.52,-50.5,-40.77,0.063,0.2506,0.2224
2020-01-18 10:00:00,-64.25,-51.23,-41.27,0.0662,0.2551,0.2855
2020-01-18 11:00:00,-63.19,-50.25,-41.44,0.0663,0.264,0.3527
2020-01-18 12:00:00,-61.84,-49.15,-40.88,0.0672,0.273,0.4165
2020-01-18 13:00:00,-60.8,-47.61,-40.21,0.0726,0.2787,0.4606
2020-01-18 14:00:00,-59.71,-46.19,-39.85,0.0842,0.2847,0.4776
2020-01-18 15:00:00,-59.39,-45.45,-40.66,0.0999,0.2874,0.4669
2020-01-18 16:00:00,-59.31,-46.16,-41.47,0.1197,0.2863,0.4262
2020-01-18 17:00:00,-59.01,-46.99,-41.36,0.1394,0.2819,0.3628
2020-01-18 18:00:00,-57.38,-46.16,-40.83,0.1552,0.2689,0.2965
2020-01-18 19:00:00,-55.24,-45.22,-39.75,0.1667,0.2358,0.2071
2020-01-18 20:00:00,-53.07,-46.85,-38.27,0.1651,0.1989,0.1333
2020-01-18 21:00:00,-49.38,-47.92,-35.94,0.17,0.2056,0.1218
2020-01-18 22:00:00,-46.19,-44.74,-32.21,0.1445,0.2173,0.1027
2020-01-18 23:00:00,-44.18,-41.72,-28.56,0.1186,0.22,0.0947
2020-01-19 00:00:00,-34.96,-34.95,-25.52,0.0987,0.2162,0.0867
2020-01-19 01:00:00,-34.9,-32.68,-24.18,0.0849,0.2154,0.071
2020-01-19 02:00:00,-35.65,-31.7,-23.27,0.0748,0.21,0.0658
2020-01-19 03:00:00,-37.59,-32.58,-22.75,0.0696,0.2054,0.0678
2020-01-19 04:00:00,-42.86,-34.94,-23.2,0.0808,0.1994,0.0658
2020-01-19 05:00:00,-47.96,-38.51,-27.3,0.1021,0.2089,0.0661
2020-01-19 06:00:00,-51.39,-41.58,-32.71,0.107,0.2434,0.1319
2020-01-19 07:00:00,-53.2,-43.7,-36.37,0.0954,0.2486,0.2853
2020-01-19 08:00:00,-54.89,-44.74,-38.15,0.0909,0.2532,0.3259
2020-01-19 09:00:00,-56.36,-45.42,-38.82,0.0968,0.2554,0.3287
2020-01-19 10:00:00,-56.07,-46.15,-39.32,0.1172,0.2541,0.3299
2020-01-19 11:00:00,-55.02,-45.17,-39.49,0.1439,0.2642,0.3369
2020-01-19 12:00:00,-53.67,-44.09,-38.93,0.1755,0.2775,0.3492
2020-01-19 13:00:00,-52.63,-42.56,-38.26,0.1922,0.2813,0.3734
2020-01-19 14:00:00,-51.55,-41.15,-37.91,0.1913,0.2745,0.389
2020-01-19 15:00:00,-51.22,-40.41,-38.72,0.1841,0.2655,0.4025
2020-01-19 16:00:00,-51.13,-41.11,-39.53,0.1764,0.264,0.406
2020-01-19 17:00:00,-50.81,-41.92,-39.4,0.1699,0.2575,0.3916
2020-01-19 18:00:00,-49.15,-41.04,-38.85,0.1698,0.2475,0.341
2020-01-19 19:00:00,-47.01,-40.1,-37.77,0.1573,0.2276,0.1929
2020-01-19 20:00:00,-44.86,-41.77,-36.3,0.1655,0.1856,0.0974
2020-01-19 21:00:00,-41.16,-42.83,-33.99,0.1874,0.18,0.1004
2020-01-19 22:00:00,-37.99,-39.62,-30.27,0.1657,0.1859,0.1056
2020-01-19 23:00:00,-35.98,-36.6,-26.61,0.1448,0.1835,0.1114
2020-01-20 00:00:00,-31.28,-35.37,-24.9,0.1307,0.1775,0.1211
2020-01-20 01:00:00,-31.22,-33.1,-23.54,0.1151,0.1707,0.1358
2020-01-20 02:00:00,-31.97,-32.12,-22.64,0.1037,0.1702,0.1403
2020-01-20 03:00:00,-33.91,-33.01,-22.12,0.1035,0.1701,0.1558
2020-01-20 04:00:00,-39.21,-35.35,-22.57,0.1247,0.167,0.1681
2020-01-20 05:00:00,-44.32,-38.92,-26.69,0.1545,0.178,0.1647
2020-01-20 06:00:00,-47.74,-42.0,-32.1,0.1564,0.1921,0.2657
2020-01-20 07:00:00,-49.54,-44.13,-35.76,0.1555,0.1906,0.4183
2020-01-20 08:00:00,-51.24,-45.18,-37.55,0.1569,0.1915,0.5155
2020-01-20 09:00:00,-52.71,-45.88,-38.22,0.1621,0.1969,0.5727
2020-01-20 10:00:00,-52.42,-46.62,-38.71,0.1713,0.1994,0.5879
2020-01-20 11:00:00,-51.37,-45.65,-38.89,0.1785,0.2015,0.6007
2020-01-20 12:00:00,-50.02,-44.58,-38.33,0.1931,0.2049,0.6125
2020-01-20 13:00:00,-48.98,-43.06,-37.65,0.2099,0.2115,0.6186
2020-01-20 14:00:00,-47.89,-41.65,-37.3,0.2199,0.2187,0.6161
2020-01-20 15:00:00,-47.57,-40.92,-38.12,0.2203,0.2204,0.6069
2020-01-20 16:00:00,-47.47,-41.61,-38.93,0.2095,0.2167,0.5883
2020-01-20 17:00:00,-47.12,-42.39,-38.79,0.1872,0.2031,0.5539
2020-01-20 18:00:00,-45.44,-41.47,-38.22,0.1575,0.1776,0.4676
2020-01-20 19:00:00,-43.3,-40.52,-37.12,0.1273,0.1424,0.2194
2020-01-20 20:00:00,-41.17,-42.23,-35.66,0.1231,0.0922,0.1241
2020-01-20 21:00:00,-37.47,-43.3,-33.39,0.1445,0.0919,0.1351
2020-01-20 22:00:00,-34.3,-40.05,-29.67,0.1355,0.1038,0.143
2020-01-20 23:00:00,-32.3,-37.02,-26.01,0.132,0.1069,0.1441
2020-01-21 00:00:00,-43.32,-41.53,-27.09,0.1245,0.1053,0.1359
2020-01-21 01:00:00,-43.26,-39.26,-25.71,0.1131,0.1075,0.1253
2020-01-21 02:00:00,-44.0,-38.3,-24.81,0.0987,0.1011,0.1256
2020-01-21 03:00:00,-45.94,-39.18,-24.29,0.0793,0.0996,0.1282
2020-01-21 04:00:00,-51.26,-41.51,-24.74,0.0823,0.0949,0.1265
2020-01-21 05:00:00,-56.38,-45.07,-28.87,0.0969,0.1173,0.1224
2020-01-21 06:00:00,-59.8,-48.16,-34.29,0.1035,0.1361,0.1585
2020-01-21 07:00:00,-61.6,-50.3,-37.96,0.1082,0.143,0.167
2020-01-21 08:00:00,-63.3,-51.37,-39.75,0.1211,0.1496,0.1565
2020-01-21 09:00:00,-64.78,-52.08,-40.42,0.1353,0.1463,0.1419
2020-01-21 10:00:00,-64.48,-52.84,-40.91,0.1347,0.1504,0.1369
2020-01-21 11:00:00,-63.43,-51.86,-41.09,0.1281,0.1555,0.1368
2020-01-21 12:00:00,-62.08,-50.81,-40.53,0.1197,0.1559,0.1495
2020-01-21 13:00:00,-61.05,-49.3,-39.85,0.1116,0.1499,0.1732
2020-01-21 14:00:00,-59.96,-47.9,-39.51,0.1059,0.1418,0.198
2020-01-21 15:00:00,-59.64,-47.17,-40.32,0.1009,0.1354,0.2195
2020-01-21 16:00:00,-59.53,-47.86,-41.13,0.096,0.1318,0.2262
2020-01-21 17:00:00,-59.15,-48.61,-40.98,0.0793,0.1278,0.2134
2020-01-21 18:00:00,-57.45,-47.64,-40.39,0.0513,0.1249,0.1745
2020-01-21 19:00:00,-55.31,-46.69,-39.28,0.0398,0.1147,0.0994
2020-01-21 20:00:00,-53.19,-48.44,-37.84,0.0347,0.1039,0.0729
2020-01-21 21:00:00,-49.49,-49.51,-35.59,0.0369,0.1133,0.0835
2020-01-21 22:00:00,-46.33,-46.23,-31.88,0.029,0.1333,0.086
2020-01-21 23:00:00,-44.34,-43.19,-28.21,0.0228,0.1524,0.0887
2020-01-22 00:00:00,-36.83,-39.72,-28.57,0.315,0.1286,0.3062
2020-01-22 01:00:00,-36.66,-37.59,-27.37,0.3127,0.0895,0.3001
2020-01-22 02:00:00,-37.42,-36.36,-26.41,0.3363,0.0691,0.2992
2020-01-22 03:00:00,-39.77,-37.19,-25.93,0.3459,0.0579,0.3066
2020-01-22 04:00:00,-44.76,-40.16,-26.14,0.3635,0.0729,0.2909
2020-01-22 05:00:00,-49.79,-43.83,-29.02,0.3733,0.1155,0.2822
2020-01-22 06:00:00,-53.34,-46.72,-34.21,0.3853,0.1857,0.2727
2020-01-22 07:00:00,-55.09,-48.6,-38.72,0.392,0.2644,0.2645
2020-01-22 08:00:00,-56.58,-49.64,-41.0,0.439,0.3683,0.2971
2020-01-22 09:00:00,-57.92,-50.24,-41.79,0.473,0.5204,0.2919
2020-01-22 10:00:00,-57.86,-50.9,-42.16,0.4956,0.6697,0.3489
2020-01-22 11:00:00,-56.92,-50.1,-42.38,0.4826,0.8371,0.3668
2020-01-22 12:00:00,-55.63,-48.94,-42.13,0.4683,0.9161,0.3668
2020-01-22 13:00:00,-54.52,-47.37,-41.67,0.4539,0.9324,0.3615
2020-01-22 14:00:00,-53.59,-46.03,-41.5,0.4254,0.9361,0.3514
2020-01-22 15:00:00,-53.8,-45.53,-42.46,0.3711,0.9229,0.3448
2020-01-22 16:00:00,-54.97,-47.33,-44.54,0.324,0.8856,0.3152
2020-01-22 17:00:00,-55.12,-49.86,-45.92,0.3298,0.8303,0.1859
2020-01-22 18:00:00,-53.24,-49.15,-45.66,0.3291,0.8073,0.1876
2020-01-22 19:00:00,-50.19,-46.98,-44.13,0.3503,0.7882,0.1979
2020-01-22 20:00:00,-46.98,-46.56,-41.55,0.4102,0.838,0.2152
2020-01-22 21:00:00,-43.55,-47.23,-37.83,0.4519,0.845,0.2175
2020-01-22 22:00:00,-40.32,-44.82,-33.86,0.4901,0.8784,0.1922
2020-01-22 23:00:00,-38.17,-41.86,-30.23,0.518,0.8749,0.1674
2020-01-23 00:00:00,-33.58,-43.63,-28.29,0.5498,0.9156,0.1542
2020-01-23 01:00:00,-33.39,-41.51,-27.08,0.5876,0.9368,0.1447
2020-01-23 02:00:00,-34.14,-40.25,-26.11,0.6307,0.9423,0.1333
2020-01-23 03:00:00,-36.47,-41.05,-25.63,0.6657,0.9449,0.117
2020-01-23 04:00:00,-41.41,-44.01,-25.81,0.7069,0.9614,0.117
2020-01-23 05:00:00,-46.43,-47.68,-28.66,0.7262,0.9609,0.1214
2020-01-23 06:00:00,-50.01,-50.6,-33.83,0.7813,0.9526,0.1186
2020-01-23 07:00:00,-51.77,-52.48,-38.36,0.8238,0.9458,0.1021
2020-01-23 08:00:00,-53.26,-53.52,-40.66,0.846,0.9457,0.1178
2020-01-23 09:00:00,-54.61,-54.12,-41.47,0.8885,0.9438,0.1232
2020-01-23 10:00:00,-54.56,-54.77,-41.84,0.9155,0.9458,0.1253
2020-01-23 11:00:00,-53.62,-53.99,-42.07,0.9415,0.9432,0.1246
2020-01-23 12:00:00,-52.35,-52.82,-41.83,0.9611,0.9412,0.1464
2020-01-23 13:00:00,-51.23,-51.24,-41.37,0.9687,0.9299,0.194
2020-01-23 14:00:00,-50.3,-49.89,-41.2,0.9709,0.902,0.2509
2020-01-23 15:00:00,-50.52,-49.38,-42.14,0.976,0.8472,0.3017
2020-01-23 16:00:00,-51.71,-51.19,-44.23,0.9597,0.71,0.2766
2020-01-23 17:00:00,-51.87,-53.75,-45.63,0.9685,0.5119,0.0856
2020-01-23 18:00:00,-49.99,-53.07,-45.38,0.9669,0.4163,0.0858
2020-01-23 19:00:00,-46.94,-50.88,-43.84,0.9621,0.373,0.1005
2020-01-23 20:00:00,-43.73,-50.41,-41.26,0.9559,0.3245,0.1248
2020-01-23 21:00:00,-40.33,-51.08,-37.54,0.9508,0.2854,0.1475
2020-01-23 22:00:00,-37.09,-48.72,-33.57,0.9323,0.2864,0.1875
2020-01-23 23:00:00,-34.93,-45.77,-29.94,0.9181,0.2997,0.2249
2020-01-24 00:00:00,-45.54,-51.02,-31.41,0.9088,0.3237,0.2797
2020-01-24 01:00:00,-45.34,-48.91,-30.19,0.875,0.356,0.3311
2020-01-24 02:00:00,-46.08,-47.63,-29.2,0.864,0.4068,0.3916
2020-01-24 03:00:00,-48.37,-48.4,-28.71,0.8531,0.4919,0.4662
2020-01-24 04:00:00,-53.27,-51.34,-28.88,0.8297,0.5021,0.5018
2020-01-24 05:00:00,-58.29,-55.02,-31.69,0.8413,0.5018,0.5302
2020-01-24 06:00:00,-61.9,-57.97,-36.85,0.8796,0.5152,0.5592
2020-01-24 07:00:00,-63.68,-59.85,-41.4,0.8866,0.4992,0.602
2020-01-24 08:00:00,-65.16,-60.89,-43.71,0.8799,0.499,0.6881
2020-01-24 09:00:00,-66.51,-61.48,-44.54,0.8604,0.5013,0.7752
2020-01-24 10:00:00,-66.48,-62.12,-44.92,0.8459,0.5099,0.8648
2020-01-24 11:00:00,-65.55,-61.35,-45.15,0.842,0.5311,0.8813
2020-01-24 12:00:00,-64.27,-60.18,-44.92,0.8673,0.5347,0.8795
2020-01-24 13:00:00,-63.15,-58.59,-44.46,0.8998,0.5158,0.8803
2020-01-24 14:00:00,-62.23,-57.23,-44.29,0.932,0.4894,0.8797
2020-01-24 15:00:00,-62.46,-56.72,-45.22,0.9256,0.4225,0.8676
2020-01-24 16:00:00,-63.66,-58.54,-47.32,0.8596,0.2593,0.836
2020-01-24 17:00:00,-63.83,-61.13,-48.74,0.8083,0.2173,0.7906
2020-01-24 18:00:00,-61.97,-60.47,-48.48,0.7959,0.2081,0.7496
2020-01-24 19:00:00,-58.9,-58.26,-46.94,0.8008,0.2057,0.7392
2020-01-24 20:00:00,-55.7,-57.74,-44.36,0.7721,0.1847,0.7244
2020-01-24 21:00:00,-52.32,-58.41,-40.64,0.7487,0.1595,0.6997
2020-01-24 22:00:00,-49.07,-56.11,-36.67,0.7477,0.1398,0.7124
2020-01-24 23:00:00,-46.9,-53.16,-33.04,0.7422,0.133,0.7398
2020-01-25 00:00:00,-48.04,-52.7,-31.5,0.7183,0.1289,0.7373
2020-01-25 01:00:00,-47.83,-50.6,-30.27,0.7104,0.1373,0.7512
2020-01-25 02:00:00,-48.56,-49.29,-29.27,0.6996,0.1596,0.7465
2020-01-25 03:00:00,-50.83,-50.04,-28.77,0.715,0.1917,0.7368
2020-01-25 04:00:00,-55.67,-52.96,-28.92,0.6842,0.2034,0.7129
2020-01-25 05:00:00,-60.7,-56.65,-31.69,0.6689,0.2374,0.6839
2020-01-25 06:00:00,-64.33,-59.62,-36.85,0.6287,0.279,0.6686
2020-01-25 07:00:00,-66.12,-61.5,-41.41,0.6207,0.3152,0.6686
2020-01-25 08:00:00,-67.61,-62.55,-43.74,0.6697,0.3743,0.699
2020-01-25 09:00:00,-68.95,-63.13,-44.58,0.7065,0.4124,0.775
2020-01-25 10:00:00,-68.94,-63.76,-44.98,0.7759,0.449,0.8092
2020-01-25 11:00:00,-68.02,-63.01,-45.2,0.7876,0.4952,0.8091
2020-01-25 12:00:00,-66.74,-61.82,-44.98,0.8028,0.5855,0.7761
2020-01-25 13:00:00,-65.63,-60.23,-44.53,0.8006,0.6846,0.7657
2020-01-25 14:00:00,-64.71,-58.86,-44.36,0.7394,0.769,0.771
2020-01-25 15:00:00,-64.94,-58.35,-45.28,0.4414,0.8411,0.7608
2020-01-25 16:00:00,-66.16,-60.17,-47.39,0.36,0.861,0.7265
2020-01-25 17:00:00,-66.34,-62.8,-48.82,0.4242,0.8422,0.5168
2020-01-25 18:00:00,-64.48,-62.16,-48.57,0.4829,0.8165,0.3968
2020-01-25 19:00:00,-61.41,-59.93,-47.02,0.5251,0.7731,0.3923
2020-01-25 20:00:00,-58.21,-59.37,-44.43,0.5079,0.7349,0.3631
2020-01-25 21:00:00,-54.86,-60.03,-40.72,0.4865,0.7591,0.3206
2020-01-25 22:00:00,-51.6,-57.79,-36.75,0.4917,0.7755,0.2776
2020-01-25 23:00:00,-49.41,-54.85,-33.12,0.5356,0.7868,0.2467
2020-01-26 00:00:00,-47.78,-45.53,-31.42,0.5866,0.7673,0.2389
2020-01-26 01:00:00,-47.55,-43.44,-30.18,0.6078,0.7605,0.2254
2020-01-26 02:00:00,-48.26,-42.11,-29.17,0.66,0.7707,0.2102
2020-01-26 03:00:00,-50.51,-42.83,-28.67,0.7075,0.7529,0.1964
2020-01-26 04:00:00,-55.31,-45.73,-28.79,0.7411,0.6899,0.1854
2020-01-26 05:00:00,-60.33,-49.43,-31.53,0.7891,0.6099,0.1726
2020-01-26 06:00:00,-63.99,-52.43,-36.68,0.8034,0.558,0.1581
2020-01-26 07:00:00,-65.8,-54.31,-41.25,0.8189,0.4988,0.1446
2020-01-26 08:00:00,-67.28,-55.36,-43.59,0.8579,0.4622,0.1714
2020-01-26 09:00:00,-68.63,-55.94,-44.46,0.9031,0.4906,0.1511
2020-01-26 10:00:00,-68.63,-56.56,-44.86,0.9451,0.4927,0.1471
2020-01-26 11:00:00,-67.72,-55.82,-45.09,0.9657,0.5268,0.1595
2020-01-26 12:00:00,-66.44,-54.62,-44.88,0.9733,0.5579,0.1953
2020-01-26 13:00:00,-65.32,-53.02,-44.43,0.9645,0.5513,0.2263
2020-01-26 14:00:00,-64.41,-51.64,-44.26,0.8781,0.4983,0.2376
2020-01-26 15:00:00,-64.64,-51.13,-45.16,0.5724,0.4017,0.2235
2020-01-26 16:00:00,-65.89,-52.96,-47.28,0.3641,0.3515,0.1626
2020-01-26 17:00:00,-66.08,-55.61,-48.73,0.3303,0.3175,0.051
2020-01-26 18:00:00,-64.23,-55.0,-48.48,0.3244,0.3442,0.0499
2020-01-26 19:00:00,-61.15,-52.76,-46.93,0.3179,0.3876,0.0548
2020-01-26 20:00:00,-57.95,-52.15,-44.33,0.3186,0.4266,0.0575
2020-01-26 21:00:00,-54.63,-52.8,-40.62,0.3325,0.4919,0.0614
2020-01-26 22:00:00,-51.36,-50.62,-36.66,0.347,0.5488,0.0684
2020-01-26 23:00:00,-49.16,-47.68,-33.03,0.3914,0.6281,0.0811
2020-01-27 00:00:00,-46.05,-45.35,-31.99,0.449,0.6597,0.0921
2020-01-27 01:00:00,-45.81,-43.27,-30.74,0.537,0.6575,0.0954
2020-01-27 02:00:00,-46.51,-41.92,-29.72,0.5823,0.6693,0.0959
2020-01-27 03:00:00,-48.74,-42.6,-29.2,0.6311,0.674,0.0944
2020-01-27 04:00:00,-53.48,-45.48,-29.31,0.7017,0.6205,0.0916
2020-01-27 05:00:00,-58.5,-49.2,-32.02,0.7563,0.5508,0.0903
2020-01-27 06:00:00,-62.19,-52.22,-37.15,0.7938,0.4759,0.084
2020-01-27 07:00:00,-64.01,-54.11,-41.74,0.8085,0.4935,0.079
2020-01-27 08:00:00,-65.5,-55.16,-44.1,0.8235,0.5378,0.0896
2020-01-27 09:00:00,-66.84,-55.73,-44.99,0.8454,0.6151,0.1105
2020-01-27 10:00:00,-66.86,-56.34,-45.39,0.8631,0.6352,0.1358
2020-01-27 11:00:00,-65.95,-55.61,-45.63,0.8785,0.672,0.1639
2020-01-27 12:00:00,-64.68,-54.41,-45.42,0.8714,0.7765,0.1965
2020-01-27 13:00:00,-63.56,-52.8,-44.97,0.8191,0.8219,0.2352
2020-01-27 14:00:00,-62.65,-51.4,-44.8,0.6537,0.8236,0.2674
2020-01-27 15:00:00,-62.89,-50.89,-45.7,0.4602,0.7992,0.2797
2020-01-27 16:00:00,-64.15,-52.74,-47.82,0.3179,0.7433,0.251
2020-01-27 17:00:00,-64.36,-55.41,-49.29,0.2908,0.7231,0.1171
2020-01-27 18:00:00,-62.51,-54.83,-49.04,0.2815,0.7189,0.1081
2020-01-27 19:00:00,-59.42,-52.57,-47.48,0.2487,0.7155,0.1276
2020-01-27 20:00:00,-56.23,-51.91,-44.88,0.2484,0.708,0.1506
2020-01-27 21:00:00,-52.93,-52.56,-41.18,0.2402,0.6918,0.1618
2020-01-27 22:00:00,-49.66,-50.44,-37.22,0.2468,0.6952,0.1602
2020-01-27 23:00:00,-47.44,-47.5,-33.59,0.2407,0.6988,0.1741
2020-01-28 00:00:00,-45.28,-48.34,-31.76,0.2338,0.6849,0.1845
2020-01-28 01:00:00,-45.03,-46.27,-30.51,0.2111,0.6749,0.2067
2020-01-28 02:00:00,-45.72,-44.89,-29.47,0.2135,0.6212,0.223
2020-01-28 03:00:00,-47.92,-45.54,-28.95,0.22,0.61,0.2466
2020-01-28 04:00:00,-52.61,-48.41,-29.04,0.1918,0.564,0.2641
2020-01-28 05:00:00,-57.63,-52.13,-31.71,0.1583,0.5492,0.3007
2020-01-28 06:00:00,-61.35,-55.18,-36.83,0.1396,0.5219,0.3128
2020-01-28 07:00:00,-63.19,-57.07,-41.43,0.1405,0.4813,0.3185
2020-01-28 08:00:00,-64.67,-58.12,-43.81,0.1525,0.4519,0.3604
2020-01-28 09:00:00,-66.01,-58.68,-44.72,0.1599,0.4595,0.388
2020-01-28 10:00:00,-66.05,-59.29,-45.13,0.1593,0.4274,0.518
2020-01-28 11:00:00,-65.15,-58.58,-45.37,0.1643,0.4075,0.5897
2020-01-28 12:00:00,-63.88,-57.36,-45.18,0.1624,0.3837,0.6276
2020-01-28 13:00:00,-62.76,-55.74,-44.73,0.1468,0.3674,0.6607
2020-01-28 14:00:00,-61.86,-54.34,-44.55,0.1099,0.3321,0.6667
2020-01-28 15:00:00,-62.1,-53.82,-45.44,0.0828,0.2847,0.6306
2020-01-28 16:00:00,-63.38,-55.68,-47.57,0.1033,0.2315,0.5522
2020-01-28 17:00:00,-63.6,-58.38,-49.05,0.1328,0.2178,0.2482
2020-01-28 18:00:00,-61.76,-57.83,-48.81,0.1547,0.2346,0.1577
2020-01-28 19:00:00,-58.66,-55.55,-47.24,0.2023,0.2716,0.1789
2020-01-28 20:00:00,-55.47,-54.84,-44.64,0.2577,0.314,0.181
2020-01-28 21:00:00,-52.2,-55.48,-40.94,0.309,0.3385,0.1757
2020-01-28 22:00:00,-48.92,-53.42,-36.98,0.3604,0.3911,0.1583
2020-01-28 23:00:00,-46.68,-50.49,-33.35,0.422,0.432,0.1526
